"5a848e4ab52fd5445cdc07aab1c40e48",,13.495414171232781,24229.029579162598,1
eed5cbd74fac3bd79b7c7ec95fa7507d,,5.539301254076419,9945.0,2
b1d207586fca400a2370d50a9ba1da98,,3.983618156777732,7152.0,3
"76d1a1a9d21ab677a61c3ae34b1b352f",,3.181903871013496,5712.6400146484375,4
ad88641611c35ebd59ecda07a9f17099,,2.5150099364400074,4515.330123901367,5
"3b60d513e90300a4e9833e5cda1f1d61",,2.447056718441282,4393.330123901367,6
"4c50dcc50f1512f46096d6ef0142c4a9",,2.2168344888108744,3980.0,7
"17823ffd2de8234f0e885a71109613a4",,1.6542096421266885,2969.889907836914,8
"0e030462875259ec0cb868f7ecf1fd5e",,1.5261624370205518,2740.0,9
"11250b0d4b709fee92441c5f34122aed",agro_industria_e_comercio,12.561617242027532,9111.0,1
"423a6644f0aa529e8828ff1f91003690",agro_industria_e_comercio,11.089132639405932,8043.0,2
"672e757f331900b9deea127a2a7b79fd",agro_industria_e_comercio,9.492562255664533,6885.0,3
c183fd5d2abf05873fa6e1014ed9e06c,agro_industria_e_comercio,8.182216205076934,5934.599853515625,4
"2b69866f22de8dad69c976771daba91c",agro_industria_e_comercio,4.12240539497995,2990.0,5
c89226b8a795ae3d6bca9d90b20dbf04,agro_industria_e_comercio,3.8900892381056615,2821.5,6
"5fb0955cb683eb6f65a1f613e502eef5",agro_industria_e_comercio,3.750148051620556,2720.0,7
b7a60a397d4efd05c1b5d398fb9f9097,agro_industria_e_comercio,3.307575432293277,2399.0,8
cd5df6a3db7a3d064a55afd08289d762,agro_industria_e_comercio,3.2538049271413647,2360.0,9
"73326828aa5efe1ba096223de496f596",alimentos,15.176939328122495,4461.019996643066,1
"89321f94e35fc6d7903d36f74e351d40",alimentos,11.484580942495764,3375.7099590301514,2
ed2067a9c1f79553088a3c67b99a9f97,alimentos,10.844267746547319,3187.5000762939453,3
"33202a8e7a645388c41ed714203d7131",alimentos,8.669630027258847,2548.2998962402344,4
"861857117917aaa99611defcc0d514cd",alimentos,4.136981729937218,1216.0,5
f0c1c1d5ec61ce4c4846abd4283631df,alimentos,3.535486453434501,1039.2000274658203,6
"092be1e8336fc404c57bd5970d056886",alimentos,2.988527024910573,878.4300003051758,7
"3d0552899dbe2f89cff6197aab33fe99",alimentos,2.4760652267050767,727.8000030517578,8
"58816ce2ec224ea03aff8abe045f8407",alimentos,2.2964331148911366,675.0,9
"992197904e1d4f0bf3994652373188e4",alimentos_bebidas,17.040899703615462,2586.719970703125,1
"90f97298579cd20412fdcc9b7a2d4b6b",alimentos_bebidas,8.880409677377292,1348.000015258789,2
"84f5c4f480ad6c9998d6a6860f1a2e41",alimentos_bebidas,6.508523321527617,987.9599990844727,3
dbd8772797eb43bcb24b0f7fba3b8839,alimentos_bebidas,4.610830029412138,699.9000244140625,4
"54b755678728b84472c2b654ac4de777",alimentos_bebidas,4.43420992957602,673.0900115966797,5
ec96b7b4e1401281edb9465d0d689cae,alimentos_bebidas,4.149220042420997,629.8300285339355,6
"7384a19bf6df5d6139bc52286cd26c2e",alimentos_bebidas,3.7550693314593815,570.0,7
a54244559e62c8ef2939e52189d65d4c,alimentos_bebidas,3.6428125159401943,552.9599990844727,8
ca4fe13c336a5399a892b4afabb17abb,alimentos_bebidas,3.260981261530515,495.0,9
"4fe644d766c7566dbc46fb851363cb3b",artes,44.63860117256926,10803.719932556152,1
"1bdf5e6731585cf01aa8169c7028d6ad",artes,26.852442569000274,6499.0,2
cbf96c04205dc933b89e025748c2a057,artes,2.0142430762252093,487.5,3
"4c6aedb2bfbcb47f59db757dfc22c607",artes,1.8097199331008034,438.0,4
"986c47683f9e701e110a0cc525dfac87",artes,1.4048054275211714,340.0,5
bf359473d58e90d8fc29bf8f3d282ea9,artes,1.338035899822161,323.8400115966797,6
"9cf421049bcfaf6983bf0dfb40831a03",artes,1.2394928425978624,299.989990234375,7
"48633254f8b7b802b1ca8c4f4dcf3e33",artes,1.1626831181348103,281.40000915527344,8
"986700c98805af229ab7ad51b95fa356",artes,1.067238990981351,258.30001068115234,9
b9976e9c22fb1540bd71d1bcd2989475,artes_e_artesanato,35.36088612741706,641.4500122070312,1
"6bb18295cc019bf3b6dc7c773411d530",artes_e_artesanato,15.958566349517643,289.489990234375,2
"43506d2b6b5e0535079f88c7dc51c4de",artes_e_artesanato,13.12010404266543,238.0,3
ec90895370885d025efeb8e72e7fa699,artes_e_artesanato,7.160930399426383,129.89999389648438,4
"43f224fb79bae5b22585eb868fe3b84b",artes_e_artesanato,5.501623628140293,99.80000305175781,5
c36f564e4c2baa5ed9d7bfa1a111c29c,artes_e_artesanato,4.950358752398048,89.80000305175781,6
"2b54fb9a4acf707537eb53eb2458c241",artes_e_artesanato,3.1918237146639425,57.900001525878906,7
eacb104882d39ffb53140b1d1860a7c3,artes_e_artesanato,2.199546938327902,39.900001525878906,8
"189d6b9a380642d0ee2245277cc9b2f2",artes_e_artesanato,2.199546938327902,39.900001525878906,8
"99b4596b82b6f75d453160c9c75e01f4",artigos_de_festas,17.230078107724815,772.8000183105469,1
"833fb04f7b1c82365c0273e62de0c19f",artigos_de_festas,12.735275093517942,571.2000122070312,2
ded0fc03d15300415b27c4b3342fefe1,artigos_de_festas,8.873668380425409,398.0,3
"137464dece73fa2dbb54658dbc7aae58",artigos_de_festas,7.6139643708944575,341.50000762939453,4
"157d8cabb7a3a318aed5ce596f4be96e",artigos_de_festas,6.684235357111533,299.79998779296875,5
"0fca2bf7fe83539c429a0357389333e7",artigos_de_festas,6.01536588120007,269.79998779296875,6
cc6a0d67ea3d63acca23c81500670843,artigos_de_festas,5.154754026316753,231.1999969482422,7
"733162823b9a1dbc958b0988d32229da",artigos_de_festas,5.154754026316753,231.1999969482422,7
"30f07d8c84ca80de0248a40587de7d32",artigos_de_festas,4.882747174153679,219.0,9
"40e8b425d1a26e2d9cb77363523e05ce",artigos_de_natal,19.745887533477212,1737.800033569336,1
f3ccdb9f9c7f31e0efd626e9110b85f5,artigos_de_natal,11.95456792716824,1052.1000137329102,2
"9defbbbbd3c270b0c41dfcbf70582147",artigos_de_natal,7.624289491898304,671.0,3
dd72d83b749ec911396ef3337e00b633,artigos_de_natal,6.476669165994089,570.0,4
ffc0b406806006602c5853b00ab5f7fd,artigos_de_natal,5.106342425427053,449.40000915527344,5
fad983a47c56c7050eb43010269ee36f,artigos_de_natal,3.351960357839046,295.0,6
"95d9994fadaf3720792cb0f1db17f782",artigos_de_natal,3.346279155786532,294.50000762939453,7
"6516d379bfcdbdc245518a279cee2a7c",artigos_de_natal,2.8383718902290336,249.8000030517578,8
"1522589c64efd46731d3522568e5bc83",artigos_de_natal,2.783831483629038,245.0,9
"13db47eae724e2848e12b71a617a3a41",audio,25.63234252068876,12992.649841308594,1
"9bfc55df037ce3ac01bfd84781adf7e5",audio,18.627380988012625,9441.93994140625,2
db5efde3ad0cc579b130d71c4b2db522,audio,18.595499981900556,9425.77993774414,3
dca8cbb1c9d8a2db0fbc0c36b8d1a7bc,audio,4.934058057997037,2501.0,4
e6b6e13cf71449a457269f425b89dc74,audio,3.9217969498586913,1987.900032043457,5
"2669a9fe1aaf6cb29071f8f866014afc",audio,2.5565956846234545,1295.8999938964844,6
"17ad6786808ab3fedfb261a70a5932d6",audio,2.4786292278204796,1256.3799667358398,7
"96f027a4749058d508f6c1bda657c79d",audio,2.31610722114695,1174.0,8
"3b7929cc079c14493fb6fb3373dbc1e1",audio,1.882083721443092,954.0,9
fd0065af7f09af4b82a0ca8f3eed1852,automotivo,3.7116827141703994,21999.889892578125,1
"1dec4c88c685d5a07bf01dcb0f8bf9f8",automotivo,3.368368921401358,19965.0,2
f4f67ccaece962d013a4e1d7dc3a61f7,automotivo,2.21686420283082,13139.79995727539,3
"4fcb3d9a5f4871e8362dfedbdb02b064",automotivo,2.1627915150589936,12819.300262451172,4
f22c9d6ce2431ff939aad39e026cc7ef,automotivo,1.8219561011382686,10799.100219726562,5
a50acd33ba7a8da8e9db65094fa990a4,automotivo,1.6623698231818353,9853.200256347656,6
"629e019a6f298a83aeecc7877964f935",automotivo,1.3914830902323743,8247.600112915039,7
"98d61056e0568ba048e5d78038790e77",automotivo,1.0720743078581698,6354.4000244140625,8
"55782cb82e0efe052da0a3da237da3b2",automotivo,0.8660242381285967,5133.099822998047,9
"25c38557cf793876c5abdd5931f922db",bebes,9.448916362153309,38907.320068359375,1
cac9e5692471a0700418aa3400b9b2b1,bebes,2.430233897923336,10006.849937438965,2
"8aa6223e400af9c97b07c75993142721",bebes,2.0486350238965203,8435.559753417969,3
"41cd333a4af5e36df81fc0b83ccf8e2d",bebes,1.694146383694967,6975.899993896484,4
"83b00325c13c44245b2c3a2befa62a0e",bebes,1.4959070959592309,6159.620208740234,5
"63085bb4366ded27bcb63cbb59b4103a",bebes,1.2424323000025859,5115.899993896484,6
"3efd399c5d016b9e6a5ad3196eade44f",bebes,1.1372994913609793,4683.0,7
cda8b19a05af621d957a97a979b6fa9a,bebes,1.0248566845063705,4220.0,8
"7af541d714ea3db608971a40b8f507cb",bebes,1.0100423905947173,4158.999938964844,9
cd48f265a63e13b762601f5f794c5fca,bebidas,20.428068109937698,4581.7501220703125,1
"0c9439abe84dc40a64fc164365c4d064",bebidas,15.247784648354378,3419.8798828125,2
"39377e2d331b8af5a19bc565215e3a8c",bebidas,5.555382154599255,1246.0,3
d99526b1e4fa5f57b8bde34a7337b5ee,bebidas,5.479497237412794,1228.9799995422363,4
ad2037645597db38527fe3afbe226af2,bebidas,4.932385797335453,1106.2700157165527,5
"9fff2c7eb7b525394603ee6bbecc9e4b",bebidas,3.0318297472933335,680.0,6
"17da5d80ea0eeabd565083183027d588",bebidas,2.215643389930739,496.9400100708008,7
"6859a88437bf429e4e50768ca79a2e9c",bebidas,2.140115115736471,480.0,8
"157ee978f4fcdf8984b0bb33a6687fde",bebidas,1.8324735678493531,411.0,9
bb50f2e236e5eea0100680137654686c,beleza_saude,5.075549936316802,63885.0,1
"6cdd53843498f92890544667809f1595",beleza_saude,4.348217257088822,54730.199279785156,2
"2b4609f8948be18874494203496bc318",beleza_saude,1.8048427916163055,22717.219451904297,3
"19c91ef95d509ea33eda93495c4d3481",beleza_saude,1.5007324770700967,18889.439666748047,4
"8c292ca193d326152e335d77176746f0",beleza_saude,1.1233184714656534,14139.0,5
"7c1bd920dbdf22470b68bde975dd3ccf",beleza_saude,1.101683942434569,13866.69021987915,6
"25292482a61cb3298df8dbe15ea69daf",beleza_saude,0.9967971905008483,12546.500244140625,7
af0a99476d96dcc1a1baa7c0d9ff6b9d,beleza_saude,0.9406908739485605,11840.300506591797,8
"24c66f106f642621e524291a895c9032",beleza_saude,0.9393560719797498,11823.499603271484,9
dc404a1496a08f9f5540c8b5d4b92925,brinquedos,2.4716362667863607,11961.399688720703,1
b5e13c9a353102f79c6206ff5cb61a50,brinquedos,1.6140004148214677,7810.9001388549805,2
"31a2f42a87890f87d77daebdfabc182e",brinquedos,1.2710493152325175,6151.199951171875,3
d2239567438e335a463191a43f2f02ff,brinquedos,1.1570078528573775,5599.3001708984375,4
"2bb3e85f2a403543fdb64e266e70c792",brinquedos,1.1392579051412537,5513.39990234375,5
"5cd07c84a1c25575ac2fc3fa73f1d952",brinquedos,1.1185325435986935,5413.1002197265625,6
b623b7cb05ee3248fbe4a6ecbeed79a4,brinquedos,0.9973270018455949,4826.530120849609,7
"011ae9863bd5b15e528a16dd8ceb4772",brinquedos,0.9813686399357081,4749.3001708984375,8
"5b3b5f9ae84ca9ead3138b199420cc94",brinquedos,0.9709129018105862,4698.699981689453,9
"99a4788cb24856965c36a24e339b6058",cama_mesa_banho,4.149086824938744,43025.56069946289,1
f1c7f353075ce59d8a6f3cf58f419c9c,cama_mesa_banho,2.8927374582644436,29997.359985351562,2
"84f456958365164420cfc80fbe4c7fab",cama_mesa_banho,0.9937389130301559,10304.960037231445,3
"2a2d22ae30e026f1893083c8405ca522",cama_mesa_banho,0.9595572058636134,9950.499603271484,4
"25f86162fee18735fffdb762dcb10d7c",cama_mesa_banho,0.9184092174714154,9523.799621582031,5
c6ea63369936552872ae890c82175b4b,cama_mesa_banho,0.8487797586138258,8801.750015258789,6
fbce4c4cb307679d89a3bf3d3bb353b9,cama_mesa_banho,0.8216097402054167,8520.0,7
fc1d8637c0268af3db482c14b7ef8e75,cama_mesa_banho,0.8200957074871568,8504.29965209961,8
"952670bc019a73f0933157ec82ff6e4f",cama_mesa_banho,0.7799342642844516,8087.830032348633,9
"35afc973633aaeb6b877ff57b2793310",casa_conforto,24.730042073667242,14484.890243530273,1
e2fcaac49de7a3a90f0dc74d7b1e9f10,casa_conforto,3.774838614969861,2211.0,2
"94f584e1a1158e97314c59b190dfb899",casa_conforto,3.047529139629671,1785.0,3
"186052b3f166a0f7227e78b2d27652d3",casa_conforto,2.3729923681388647,1389.9100494384766,4
"3a7553224e54d216c4a65c85f2d04deb",casa_conforto,2.3560729482851235,1380.0,5
c80124276571cd4bef53cf35d9b36c5c,casa_conforto,2.279244482580174,1335.0,6
"8e630a6101b33d99671d79b67b87052d",casa_conforto,2.045344486989549,1198.0,7
"8474d936fee23f0c45620cc2022871cc",casa_conforto,1.8746145632007722,1098.0,8
ca0019454bd5ddca0f4022fe89f6557a,casa_conforto,1.7687620104517305,1036.0,9
ec5b3c8bb77ad22278f6e9d719a83de3,casa_conforto_2,44.11590508144853,335.3999900817871,1
"19de58ea609a59ce31f93672af50c09a",casa_conforto_2,28.935773667844156,219.99000549316406,2
"2072d4792ab7893ddbfc178948e0eb86",casa_conforto_2,14.467228530577925,109.98999786376953,3
"4fb3bad6b502eaca3b6d7d87bc1613a4",casa_conforto_2,7.8787801426288455,59.900001525878906,4
"15dc5bc6f0f1e1a0d0255098726060c7",casa_conforto_2,4.602312577500542,34.9900016784668,5
a39cc58c1b5926b6f9f378daa89f1315,casa_construcao,6.330387562952478,5259.800003051758,1
ebf1c13032246ea801765e8cb5417365,casa_construcao,3.8417044543937715,3192.0,2
"5926c58c462b5d1f932ef3f0a9e37d41",casa_construcao,3.7237573878115064,3094.0,3
"71540d636652fc682032d3b3c0a180c1",casa_construcao,2.8198976877835498,2342.999969482422,4
"6106cd1748e2686c10094695142f7346",casa_construcao,2.6429530303027393,2195.97998046875,5
d316be2b41acc6a122548a0d08570ca6,casa_construcao,2.5594513889101544,2126.6000366210938,6
"10070e29929f7c7d609ee3201f236b8e",casa_construcao,2.304481005504838,1914.7499389648438,7
"985bf2af90ac31349ca19417e2752410",casa_construcao,2.238948156370268,1860.2999267578125,8
fdbfd4cec6db6e89f22d9aa2c4839eed,casa_construcao,2.2144681634836414,1839.9599609375,9
"1dceebcc5f23c02ea23e16d5bedca000",cds_dvds_musicais,100.0,730.0,1
"1f5f0f003ce8595ad88fb215ec1409e6",cine_foto,14.388486819872972,997.6199722290039,1
"56ebd551a33ae8e9955d1f8a4c37ef52",cine_foto,12.605394644506502,873.989990234375,2
"1bce8df66884f0841be155ae1f645d46",cine_foto,9.749677568223994,675.989990234375,3
e988092a8afe5d9393a5c3a7ca17691c,cine_foto,9.095026126528158,630.5999946594238,4
c5f91783ab6cb187c7182b8e4b8c9047,cine_foto,7.023910182573644,487.0,5
"88a1223b29fac4c3abef8d1369dbbaea",cine_foto,6.5335345230099815,453.0,6
e0fddcd9bdfbff9df8a8228f6a6346d7,cine_foto,5.177790052451619,359.0,7
"1a0ef485e35802dd1d23ab5446cac458",cine_foto,3.4903208710119547,242.0,8
"060f71666a632ac169814c0f1d715571",cine_foto,3.44705243046222,239.0,9
"12485f9cdebb6ca179826ede539554ad",climatizacao,7.087528882014021,3899.909912109375,1
"83ca77d87b187321faaee535adbce26c",climatizacao,4.488599445449049,2469.8500366210938,2
"0e34187d4312b97b5e698836d28ed040",climatizacao,3.985464071873883,2193.0,3
e932008cf0ea7c93a077dd8d7e5f49eb,climatizacao,3.371197379537644,1855.0,4
ccb162ed569f47d83f62aebd5700d7ad,climatizacao,3.2839642397975863,1807.0,5
f2a1b32f85cad59ff2a8444154ac25f0,climatizacao,3.107680603239553,1710.0,6
a1d54bd2293d947527d70e04dbe2a93e,climatizacao,2.90595396759067,1599.0,7
d7cdcdb31629bb225ebedc727c780d9f,climatizacao,2.824172899084366,1554.0,8
f0f2af23f970208fe4132a77aca3c63f,climatizacao,2.6497066196042507,1458.0,9
fb01a5fc09b9b9563c2ee41a22f07d54,consoles_games,10.625705308038308,16731.790283203125,1
cce3ce6484896041ae3dafdd4308a39c,consoles_games,5.940937235455906,9354.909912109375,2
f39a8b27ce90ac582103bf36f09690dd,consoles_games,5.071596114564076,7986.0,3
e74384c9363e768848854356a37c73f4,consoles_games,3.046386997441006,4797.0,4
"6cdf8fc1d741c76586d8b6b15e9eef30",consoles_games,2.6037433686960814,4099.990234375,5
"04dc26a02c448f6f2b914f01c2902ebd",consoles_games,2.4349503599831017,3834.199951171875,6
"0aabfb375647d9738ad0f7b4ea3653b1",consoles_games,2.169812468208613,3416.6999855041504,7
"2bfb0bdbcea77da2879f0ef3be9a219e",consoles_games,1.779186597775579,2801.60009765625,8
b8d682ed9fe73be0d13a38e716573f79,consoles_games,1.5876521771112184,2500.0,9
"8a12c0e223d9dbd49ccfcd2ad25d1b30",construcao_ferramentas_construcao,6.9050085840568185,9990.0,1
"638bbb2a5e4f360b71f332ddfebfd672",construcao_ferramentas_construcao,3.7296723042613205,5396.0,2
a319b66ab6cabbb2810942860c1c8a3c,construcao_ferramentas_construcao,3.179483432098235,4600.0,3
"4cce3fa9fee9eb2361e0b9bd32516958",construcao_ferramentas_construcao,2.846328863778376,4118.0,4
"71f2ce4ae5dfdd3b55a51c7a2d3c4da8",construcao_ferramentas_construcao,2.8061912941589315,4059.929931640625,5
"2722b86640ddc24e1374c2df1ac2a230",construcao_ferramentas_construcao,2.695559054063388,3899.869873046875,6
"363a9f5b97bf194da23858be722a7aa5",construcao_ferramentas_construcao,2.1288715154049047,3080.0,7
"779dd392d4fbe5ca656bf3ceabecbf0b",construcao_ferramentas_construcao,1.4701654913202054,2127.0,8
"486e577f635477c920c95e95dc243bc8",construcao_ferramentas_construcao,1.3616483393985919,1970.0,9
"4b7de4748108b5353b211255e867cf6a",construcao_ferramentas_ferramentas,18.33506772771432,2916.0,1
"7ae1a5d0600076501c7ff50c63938b48",construcao_ferramentas_ferramentas,13.8204660032634,2198.0,2
e91042dbe3df0b9887d7044968286f57,construcao_ferramentas_ferramentas,11.940429909097906,1899.0,3
d19c5ff1a4d4e8b0558536d57cf43cf7,construcao_ferramentas_ferramentas,11.883840193888911,1890.0,4
e5f20b4eb944eaae0a13bed3187201d3,construcao_ferramentas_ferramentas,6.431672639509898,1022.8899993896484,5
"5ddd4525c6d0fbca9dc118056fd90d61",construcao_ferramentas_ferramentas,5.828740666526466,927.0,6
c8eca123751676bbdaaa9e4a84721362,construcao_ferramentas_ferramentas,4.390418738297848,698.25,7
"5e53af05c040b01584b81b3549945faf",construcao_ferramentas_ferramentas,3.22121230384273,512.2999935150146,8
e2a0cbe7edb791b26eb99b535e8ab0e0,construcao_ferramentas_ferramentas,2.7540328068377478,438.0,9
a02d0123079f4ae96001ba2010d1a2df,construcao_ferramentas_iluminacao,32.98442052778824,13550.0,1
"349ce46a0e2e20054aa9d80c48af8816",construcao_ferramentas_iluminacao,15.384007096694505,6319.750137329102,2
"216bb0e0cd43ffd832e0973d35e0377e",construcao_ferramentas_iluminacao,4.092015565107899,1681.0,3
"26b2a480ced2900a62bb9431133e95aa",construcao_ferramentas_iluminacao,3.6850048817178935,1513.8000106811523,4
"72ff94ec344eb61096393776f2f1ab8c",construcao_ferramentas_iluminacao,3.140214205228548,1290.0,5
"5a75c30c323b0ae56499ef163504648a",construcao_ferramentas_iluminacao,3.1158714594515824,1280.0,6
"1302fd16bdfe85e523940c846370ef2c",construcao_ferramentas_iluminacao,2.8919181983035003,1188.0,7
"87f87c717c93f801e1a62367ce5ff63f",construcao_ferramentas_iluminacao,2.6241479947568798,1078.0,8
"7a054d17dc450583ed639068a9298afd",construcao_ferramentas_iluminacao,2.3807205369872246,978.0,9
c8194120cffeb4eea08d08e91ed1d284,construcao_ferramentas_jardim,9.253423039011858,2379.60009765625,1
"42749c525c90994bd3d4c74edf047172",construcao_ferramentas_jardim,7.699519610580462,1980.0,2
"3a85491e291016cb452b9b8e78c30ddb",construcao_ferramentas_jardim,6.377379879470686,1640.0,3
"4ce6c1b5cfe26c9f980438fc1c810f8d",construcao_ferramentas_jardim,5.9496287899939935,1530.0,4
"750d887c4fb151156b3c0dec3041549c",construcao_ferramentas_jardim,5.774639707935347,1485.0,5
"71a7800a633691de8ecdd17463335e2e",construcao_ferramentas_jardim,5.692200537593657,1463.800033569336,6
d568eba76717c34870be82a2e9a194cc,construcao_ferramentas_jardim,5.249283692070263,1349.9000244140625,7
"79535f801c489bd33483bf6d67da9a86",construcao_ferramentas_jardim,4.49138643950527,1155.0,8
"756d52539899974a9b2ae56aff0b6a2e",construcao_ferramentas_jardim,3.8885684190944487,999.97998046875,9
"6054d161235b97a4aaccea2a086d30b8",construcao_ferramentas_seguranca,7.64566930833048,3099.89990234375,1
"82c51c3938503a4ddc096fbed86428d6",construcao_ferramentas_seguranca,5.860224797213071,2376.0,2
b7550710491181180a97295a6b9faded,construcao_ferramentas_seguranca,5.088209215982254,2062.989990234375,3
"7d490fb7ec6eac63302590beef157c10",construcao_ferramentas_seguranca,4.722956409265714,1914.8999938964844,4
"6f4f2bb136fd2d8e8229355d8fec6b67",construcao_ferramentas_seguranca,4.685466800842431,1899.7000122070312,5
"24daadd871657fb36dacde66b92cf0ff",construcao_ferramentas_seguranca,4.6738745752183375,1895.0,6
ee98d78ba152f752429f6bc86297841f,construcao_ferramentas_seguranca,4.0913789742557025,1658.8299560546875,7
"55042f58e0ee432416bab8ecdb8a84b4",construcao_ferramentas_seguranca,3.0484760900162566,1235.989990234375,8
"3b473a6b1c280e0345e876648a61a032",construcao_ferramentas_seguranca,3.0329622583455356,1229.6999816894531,9
"5f504b3a1c75b73d6151be81eb05bdc9",cool_stuff,5.939625899316093,37733.899963378906,1
"165f86fe8b799a708a20ee4ba125c289",cool_stuff,2.8051577558770524,17820.910598754883,2
"601a360bd2a916ecef0e88de72a6531a",cool_stuff,2.3862787280546978,15159.810455322266,3
ee406bf28024d97771c4b1e8b7e8e219,cool_stuff,2.03278552805995,12914.100494384766,4
c6dd917a0be2a704582055949915ab32,cool_stuff,1.8681867875675822,11868.41975402832,5
ddceb6eef6af67e9fbbd4c148dbe5fd9,cool_stuff,1.7385312756846898,11044.73014831543,6
cc971e0365873137b8bef2ebad633e6f,cool_stuff,1.6857696319848734,10709.540252685547,7
fe6a9515d655fa7936b8a7c841039f34,cool_stuff,1.5766006592263946,10015.999755859375,8
"29427de7f8a9ee983d9dbc51cec569b4",cool_stuff,1.515471185748159,9627.649803161621,9
"47d52bb24ef8a3aa09724f00604be3ba",dvds_blu_ray,47.33814618511316,2840.0,1
e96dedd143090ade72c86bf486be7d36,dvds_blu_ray,11.651184571617641,699.0,2
"8ac47b3ab13c68f49f10dde899674149",dvds_blu_ray,6.9998781636663105,419.94998931884766,3
"99de5bb76bad02d0f39306af0436bcfd",dvds_blu_ray,6.817359785109606,409.0,4
d55d2479e56093f23ebcf313ceb3bcfe,dvds_blu_ray,2.6662711907016647,159.9600067138672,5
"8734d9a13b93f1f8addd0be7c53b6928",dvds_blu_ray,2.4835858385851624,149.0,6
cd26cd11a73559a0b65964c1324a688d,dvds_blu_ray,2.0002033599343587,120.0,7
"1b5ac751c245c52ded56f9fd1f17590c",dvds_blu_ray,1.9985365492349811,119.9000015258789,8
ee59699c00f92af8c00c6c9e470a6ff0,dvds_blu_ray,1.831852935907118,109.9000015258789,9
"9c5cec867c62c0ec4674b002eb1c3e0c",eletrodomesticos,13.14681156050031,10540.0,1
"43944a8f8f0b7ae86b6c3d3c2f257375",eletrodomesticos,8.718805769250206,6990.0,2
"28609f55cdcc0e20aa621696e53c7075",eletrodomesticos,3.4875223077000825,2796.0,3
e5eadf9be70a4a9fa514019542fc330a,eletrodomesticos,3.1387701454477144,2516.4000549316406,4
b59e3776fd0270273b8f6b1345e2f0fc,eletrodomesticos,2.606910451750062,2090.0,5
"7aeaa8f3e592e380c420e8910a717255",eletrodomesticos,2.4689561974766314,1979.3999633789062,6
b30d7b0adcdc4a117f455472548155ec,eletrodomesticos,2.215736677412995,1776.3899993896484,7
"1347d4320dcd0acd750e37bb3d94a918",eletrodomesticos,1.6213985834601785,1299.9000549316406,8
"92ff4701412588ba89562a5da013c537",eletrodomesticos,1.6074658639079604,1288.72998046875,9
"87feb07adc221a4c6cdf051ea1afd0ff",eletrodomesticos_2,13.034146301965519,14770.0,1
f27aff266ad97e75d4a24c893b2c311e,eletrodomesticos_2,8.890929180250684,10075.0,2
df0c26d7ddb998e2517658a55e46e48a,eletrodomesticos_2,7.009493844042797,7943.0,3
ada6a9116c85d8e56232e0a4265d7db9,eletrodomesticos_2,6.107605047793051,6921.0,4
cc3181a81384b6fc34602d49cb6068a6,eletrodomesticos_2,3.8034644929906154,4310.0,5
bbff7e0ea95dd990ce461d8104ee9173,eletrodomesticos_2,3.7063746466320904,4199.97998046875,6
bb3542bf40cc975720ee44d03fcf0cd8,eletrodomesticos_2,3.6534438517357652,4140.0,7
"99c97d191bcc87e072acc4521bce44d4",eletrodomesticos_2,3.1804375946028256,3604.0,8
c8c073a1cae6a98799d7581958ede514,eletrodomesticos_2,2.7987674337632797,3171.5,9
"0abc19e41fdc9d6894b8cae651619253",eletronicos,4.602028175355417,7374.60009765625,1
"93c902b021a9e594f658ab1b0351602a",eletronicos,4.438717526860957,7112.900108337402,2
"31b8e7c2a22f3dba5183cc110bdd72f7",eletronicos,2.901450618062825,4649.480010986328,3
"802d4aa654f6b24ca4d5bd2c61c0b079",eletronicos,2.0767473548379556,3327.919921875,4
"6ab6d9589ae19abcee458918d4779fae",eletronicos,2.0020999541629165,3208.2998962402344,5
e940125d0a3c309f58f41cd21e39af06,eletronicos,1.7956059349502658,2877.3999633789062,6
"4052517cac9e78357d895976124f6972",eletronicos,1.3104790822919077,2100.0,7
"98e0de96ebb0711db1fc3d1bad1a902f",eletronicos,1.2913210995223512,2069.2999572753906,8
"96d80c8b6c6545a30eb5bdc4961455f3",eletronicos,1.2904100098736824,2067.8399658203125,9
"44fc450365728c413fefc547592626be",eletroportateis,6.70762929378283,12788.0,1
"3ecf69ee1fe21cfd40b30cbea549e563",eletroportateis,4.126964911126314,7868.0,2
"2d4500a3d35334916c955b3c365dbefe",eletroportateis,3.7734348717136124,7194.0,3
bd9fca6bf4bdcbf4094d7bc11415dfe5,eletroportateis,3.301886644069668,6295.0,4
"61a4100ccd6d9c4c808a1fd954ddb8ad",eletroportateis,3.060153930738696,5834.1400146484375,5
"6c34d241bbd85d693f1fee6a4b8a8e2b",eletroportateis,2.656196023124511,5064.0,6
"79366d6a24de9351b7ca6e3cf75a68ec",eletroportateis,2.632067860197235,5018.0,7
"5ca5d42f98d39aa421923c2fde2c1558",eletroportateis,2.617381152328458,4990.0,8
a6492cc69376c469ab6f61d8f44de961,eletroportateis,2.5171968236521582,4799.0,9
b4436da747c3a53ab07ac0e71de17dcd,esporte_lazer,0.9710045050485265,9594.0,1
"0bbdc963004d9b2fd3427ee3c5ae3608",esporte_lazer,0.9179706963508584,9070.0,2
e44f675b60b3a3a2453ec36421e06f0f,esporte_lazer,0.9057344644245378,8949.100036621094,3
dd113cb02b2af9c8e5787e8f1f0722f6,esporte_lazer,0.7842728694622714,7749.0,4
cb26d15d1b6eabaac7c0803774245884,esporte_lazer,0.6646431712167682,6567.0,5
"781afe929e3016a667f5f439afd55fce",esporte_lazer,0.6494313757971609,6416.700012207031,6
"7612afaa8218e79b3011243ed9edea9c",esporte_lazer,0.6456764974673145,6379.5999755859375,7
"35537536ed2b4c561b4018bf3abf54e0",esporte_lazer,0.5030115061591804,4970.0,8
cec09725da5ed01471d9a505e7389d37,esporte_lazer,0.4992566425005193,4932.900108337402,9
d017a2151d543a9885604dc62a3d9dcc,fashion_bolsas_e_acessorios,4.488837244450648,6860.0,1
"00faa46f36261af8bbf3a4d37fa4841b",fashion_bolsas_e_acessorios,1.8321784671227137,2800.0,2
ccadfeab525a9eb1569983b66e5075c4,fashion_bolsas_e_acessorios,1.77852181201412,2718.0,3
"89e4362d74afa10ac57f8d67210132a6",fashion_bolsas_e_acessorios,1.4289683664158648,2183.800048828125,4
e24f73b7631ee3fbb2ab700a9acaa258,fashion_bolsas_e_acessorios,1.421247010925191,2172.0,5
"44d097d59e8430f88a67517cd0c4f865",fashion_bolsas_e_acessorios,1.3996534789912445,2139.0,6
"1ec486885049bbb9b79351d150ed18c4",fashion_bolsas_e_acessorios,1.3060815472157985,1996.0000610351562,7
ce710fd2f106cf7570a07aa47ee7395b,fashion_bolsas_e_acessorios,1.2753270830079175,1949.0,8
"60567eaf5cdf794639e94508ec387a82",fashion_bolsas_e_acessorios,1.2301050318815516,1879.8900604248047,9
"002159fe700ed3521f46cfcf6e941c76",fashion_calcados,6.869311122042417,1618.5999755859375,1
a2c75a23c2f838881dd4275c0cec519f,fashion_calcados,6.132046223895272,1444.8799438476562,2
"34eb0685663d60e57a9ca086c8e33423",fashion_calcados,5.174264253390635,1219.1999816894531,3
"6fa96cbd1d917acb1ef4bc8040116105",fashion_calcados,4.326740819064744,1019.4999847412109,4
"652cee66eaed09b444b43463eee56cc7",fashion_calcados,2.631693950412963,620.0999908447266,5
d8e94b73f80bea3c8c7d5cc257fbd4b1,fashion_calcados,2.0103747694378256,473.6999816894531,6
ca92f5c2276bfd491db575cd9de5a70d,fashion_calcados,1.8097193455297966,426.42000579833984,7
a04cf12934a318be6550b1aeab938bf2,fashion_calcados,1.5490538720895712,365.0,8
ad26ad285869ae33f293067b79b9f01e,fashion_calcados,1.4849696996971684,349.8999938964844,9
"30e77af9e7759bbaa0305d2fbc605dc4",fashion_calcados,1.4849696996971684,349.8999938964844,9
"700a315aa104dcf3ea345a850f746ec1",fashion_esporte,18.249500321790556,386.79998779296875,1
"795ed92f8a2263bd778b90a008ee32fc",fashion_esporte,10.61566107029106,225.0,2
e8f7d2639ff8caa8b86e5973295898b7,fashion_esporte,9.412553175618367,199.50000762939453,3
a38e6346616a8f362c328b9537b1ca4d,fashion_esporte,8.478374857448637,179.70000457763672,4
"17636e3c15333148e25253db631a2d7d",fashion_esporte,5.180442746286155,109.80000305175781,5
e475b26e5db4c91fa1cd25927908eac2,fashion_esporte,4.708635587606552,99.80000305175781,6
f2f960ea3804c29b5e5834c34082a0f4,fashion_esporte,4.241546428521686,89.9000015258789,7
"3210c94e2542d988d724b0dd72234cdd",fashion_esporte,4.241546428521686,89.9000015258789,7
f45818be1ed5c16a17c66e33efa75271,fashion_esporte,4.241546428521686,89.9000015258789,7
"494822838e3883190a3b0834d5124c02",fashion_esporte,4.241546428521686,89.9000015258789,7
"63cf4d771cba1d380af927afe5895d4b",fashion_roupa_feminina,9.44914492167299,264.9200077056885,1
"6e02baf23db1455640241542c78be139",fashion_roupa_feminina,9.402063213712193,263.6000061035156,2
"1f05dcc70c1a19407641eccea8ef3bdc",fashion_roupa_feminina,9.266524474934641,259.79998779296875,3
"0906585a53ae0d9e9d848e83b8f2ea88",fashion_roupa_feminina,7.094348530050259,198.89999389648438,4
bfa393df5b4494bea7158660999a921b,fashion_roupa_feminina,6.596424641516675,184.94000053405762,5
"6d8e78c479334cba03552e61a97eca2e",fashion_roupa_feminina,5.346620583143534,149.89999389648438,6
"87ac7e3e844a79b97f7b98cecfbc69db",fashion_roupa_feminina,5.004208903768487,140.3000030517578,7
"69530f4ebf4b017348e5f19323ab8a00",fashion_roupa_feminina,4.244482156773474,119.0,8
edb0a8739ce7457ff4767a85d6aa92e2,fashion_roupa_feminina,4.1018104876382315,115.0,9
"8cfc3506cedc0626364457d254429118",fashion_roupa_infanto_juvenil,31.583749233069124,179.97999572753906,1
"57bdf3098169cccdb62221bd3e089cbd",fashion_roupa_infanto_juvenil,21.052909459250248,119.97000503540039,2
"28ac6af4008a402e5039f3e042a36e13",fashion_roupa_infanto_juvenil,19.30332535898604,110.0,3
"0ab3ab3b2869073aa9afe795fe9151aa",fashion_roupa_infanto_juvenil,19.30332535898604,110.0,3
"2b18330ce86ae5c606250b75b499f370",fashion_roupa_infanto_juvenil,8.75669058970855,49.900001525878906,5
e336c656869480e20d04ca9389b12167,fashion_roupa_masculina,7.211641029231026,778.7000198364258,1
"22656f41604127818c5984157e52bda8",fashion_roupa_masculina,6.662456003973329,719.4000091552734,2
e12569a1ad365c9f77fb1ae6d5de26e8,fashion_roupa_masculina,2.7755602856242656,299.7000045776367,3
c7296f9449f86afc5688984ed1c170a2,fashion_roupa_masculina,2.708880117266695,292.5,4
"660fc6f47144a19180d7309e37155f1e",fashion_roupa_masculina,2.4077083167440727,259.9800109863281,5
d0168e734683113fd73658071715084a,fashion_roupa_masculina,2.05411835308239,221.8000030517578,6
dd231637766e756fd1cf2fd80501fce1,fashion_roupa_masculina,1.9448370072683965,210.0,7
"94ecc3aaf1c1a63135ba686ac00264c0",fashion_roupa_masculina,1.9439108378823493,209.89999389648438,8
"3fbd1a96fca26cfab52984da93349a4b",fashion_roupa_masculina,1.8512995518219495,199.89999389648438,9
"84bc1370758fa98d08afd0180818217a",fashion_roupa_masculina,1.8512995518219495,199.89999389648438,9
"9472a43e0457615f2742ac021d769197",fashion_roupa_masculina,1.8512995518219495,199.89999389648438,9
"1de74e63d630007567726953a4eb2b36",fashion_underwear_e_moda_praia,9.943877128396695,948.8000183105469,1
"3a3f0628722b2f548673a2f7f5fa5605",fashion_underwear_e_moda_praia,8.122369968151773,775.0,2
e1a7aca09e5fc1209c44ef72571265b9,fashion_underwear_e_moda_praia,5.753782080664934,549.0,3
a70d74f54feefedd8108c45553766340,fashion_underwear_e_moda_praia,5.75273420883844,548.900016784668,4
a662d99595c3b6054702480cb7382afe,fashion_underwear_e_moda_praia,5.022244887597876,479.20001220703125,5
b73091f98b819cf7a339f74ece86aa4b,fashion_underwear_e_moda_praia,4.394464276648141,419.30001068115234,6
ce149636a055d9eded4cde55da9ebd3b,fashion_underwear_e_moda_praia,3.7666836656984066,359.40000915527344,7
"97ca99a3e712143b9cf17e31bf8f3367",fashion_underwear_e_moda_praia,3.4585575348259163,330.0,8
"654a7e7cc8b61ba09cefd8e02be969d2",fashion_underwear_e_moda_praia,3.248947987260709,310.0,9
"422879e10f46682990de24d770e7f83d",ferramentas_jardim,5.476943150272172,26577.220558166504,1
"389d119b48cf3043d311335e499d9c6b",ferramentas_jardim,4.418403910905621,21440.590496063232,2
"368c6c730842d78016ad823897a372db",ferramentas_jardim,4.339313769913591,21056.80047607422,3
"52c80cedd4e90108bf4fa6a206ef6b03",ferramentas_jardim,4.223655292738002,20495.56024169922,4
"53759a2ecddad2bb87a079a1f1519f73",ferramentas_jardim,4.201324876665855,20387.200454711914,5
c4baedd846ed09b85f78a781b522f126,ferramentas_jardim,3.0888882407079783,14989.029792785645,6
"8c591ab0ca519558779df02023177f44",ferramentas_jardim,2.9864908487869166,14492.139831542969,7
"08574b074924071f4e201e151b152b4e",ferramentas_jardim,2.21723992417696,10759.300010681152,8
b0961721fd839e9982420e807758a2a6,ferramentas_jardim,1.5113039725570045,7333.7001876831055,9
"7620a27f1d6747511f1c6f0ddb63c0ef",flores,22.940614065599828,254.64999389648438,1
"065554bfe0244b9f5f6414f332106a21",flores,19.620914719235813,217.8000030517578,2
be0e6c61c2bcdd9a4d022ba67fd66189,flores,11.693272519513556,129.8000030517578,3
"74356542db3483a78a8ba69f5b7ea094",flores,10.792404087726936,119.80000305175781,4
e89607ddfcf953bc7a85adaca52e122a,flores,5.9817665245247715,66.4000015258789,5
"5fd35bd0069ce2a404716901326b1336",flores,5.837627541073509,64.80000114440918,6
"57646b730d659bc73d8193fc5131014b",flores,4.729559266879756,52.5,7
"3104dbf304c25fa1812a11ad924f8b57",flores,4.495333612076848,49.900001525878906,8
c56d677c973431acb4abfedbd33d488c,flores,3.7836474135038047,42.0,9
"3fdb534dccf5bc9ab0406944b913787d",fraldas_higiene,22.327266802503626,350.0,1
"8323a7adeb57da21acea7e83563bed90",fraldas_higiene,20.094540122253264,315.0,2
"6e7f4ae007302e93c5610894712289bb",fraldas_higiene,11.482594355573292,180.0,3
"53e695484b71a194bf7d89b48700756a",fraldas_higiene,8.923889541070714,139.88999938964844,4
f3412532ea4da687eaa6943639812bc3,fraldas_higiene,8.605566158236906,134.89999389648438,5
"3cc7ec95300ba6432c64f0b12673bae6",fraldas_higiene,7.655062903715528,120.0,6
f83fd2b539bc73678c65be8d418be8c1,fraldas_higiene,7.272309758529752,114.0,7
a9e010c9e4e10e358d3baf52bb920893,fraldas_higiene,3.827531451857764,60.0,8
"5a92ef8a5a2511f0d2dff3ea562700ab",fraldas_higiene,2.870648588893323,45.0,9
d04bbac48960ecb7ea311b00ca6e1cb7,industria_comercio_e_negocios,10.821886065524168,4293.0,1
"7e53e051875b2a0c9f22acd8a9a29a20",industria_comercio_e_negocios,7.786817157326848,3089.0,2
"593236d0ff46b4299b4787fb8d43f7f0",industria_comercio_e_negocios,6.912092148070643,2742.0,3
d7f8b7443f6ae5796dabe493521a1e79,industria_comercio_e_negocios,4.94534745207494,1961.800048828125,4
"437ae72c066abf24996b52549bbb6432",industria_comercio_e_negocios,4.2853710661187865,1699.989990234375,5
"3986c6e32f39114eff1ded07f1cb16fb",industria_comercio_e_negocios,3.771148743075741,1496.0,6
"62177bb58dda374cc02e6cd2616996a1",industria_comercio_e_negocios,3.5039416797294654,1390.0,7
"8e7a3ee016b12c87b5e3e7e717620758",industria_comercio_e_negocios,3.352692398590064,1330.0,8
"4cafc445fc7535c3b41b8978c0ce68dc",industria_comercio_e_negocios,3.142708029945614,1246.7000198364258,9
d1c427060a0f73f6b889a5c7c61f2ac4,informatica_acessorios,5.177288992064455,47214.51049041748,1
"3dd2a17168ec895c781a9191c1e95ad7",informatica_acessorios,4.50489652180652,41082.59832763672,2
e53e557d5a159f5aa2c5e995dfdf244b,informatica_acessorios,1.692985039343898,15439.250160217285,3
d5991653e037ccb7af6ed7d94246b249,informatica_acessorios,1.6570807649881616,15111.819580078125,4
"470433f95ba906e17efac3fce39e9ffd",informatica_acessorios,1.6447588629985197,14999.449462890625,5
bee2e070c39f3dd2f6883a17a5f0da45,informatica_acessorios,1.500075139523394,13680.0,6
"4298b7e67dc399c200662b569563a2b2",informatica_acessorios,1.3684566850076707,12479.699821472168,7
"656e0eca68dcecf6a31b8ececfabe3e8",informatica_acessorios,1.3682264531490342,12477.600212097168,8
"36f60d45225e60c7da4558b070ce4b60",informatica_acessorios,1.2326231503089806,11240.960037231445,9
"16c4e87b98a9370a9cbc3a4658a3f45b",instrumentos_musicais,13.072661309364754,25034.0,1
"69d3ff4f45d52d69e4b06760e0e154e2",instrumentos_musicais,4.522073428574899,8659.719970703125,2
"5183344b5357029cfd88c7f511ed876d",instrumentos_musicais,4.175481338566772,7996.0,3
ba55945d930e34e802e5dd2e5cffdcc8,instrumentos_musicais,2.910732437762672,5574.02001953125,4
a1beef8f3992dbd4cd8726796aa69c53,instrumentos_musicais,2.2975957436760885,4399.8701171875,5
"68f3adaef1620e7b0c4c7cd9f78d7ed0",instrumentos_musicais,1.9305335218153845,3696.9500732421875,6
"0412ec72192f1d85e92047c0773434ec",instrumentos_musicais,1.7336916013058632,3320.0,7
fdfb90feb49d2b41b8283a8ec6e95590,instrumentos_musicais,1.4981810855863018,2869.0,8
b7a89537c40b1f5a18b5ba75dbb91cbe,instrumentos_musicais,1.4021700559970365,2685.1399536132812,9
"33900d427fa4bd3f509cdacda72e84a3",la_cuisine,19.270166784833755,396.0,1
"0c800efe70e04ffcc3b266946e3e4826",la_cuisine,18.929532523485683,389.0,2
d29534bc8c74cd3d91e0f175a5c9b366,la_cuisine,13.333398229910225,274.0,3
"2365562e74dd46f5e99cdc696c504cea",la_cuisine,10.559662101790215,217.0,4
ea9b0b855335919945731f9368f83dc9,la_cuisine,9.391773205739684,193.0,5
b52e7c92200ed9874e77bc09b5ed4d40,la_cuisine,8.467194496366346,174.0,6
"775596b5ab8f1cb5890c7263c1c92bc4",la_cuisine,6.7640231896259895,139.0,7
cc9e875c2df286dbed83efe01191162c,la_cuisine,6.277402816271602,129.0,8
"724c49c346d2979339d366fa59ce49de",la_cuisine,5.838957755925971,119.98999786376953,9
"078b7149a32b479d3cbf1649fea0172c",livros_importados,16.142763261097134,749.0,1
"98d893a81a1845b6f278f33eee0a4f36",livros_importados,11.61675487013532,539.0,2
"68ad45d48d69404aeb71ce87e1b2c948",livros_importados,10.326195800847493,479.1199951171875,3
"7515ab3fc02c8f43b07e9451497fb13e",livros_importados,6.379516589165222,296.0,4
"59c2f10b8a2fb03ed30afa9bb77c9b9f",livros_importados,5.603629436428911,260.0,5
de8079863f52e090930c58a327e8c8e1,livros_importados,4.526008390961813,210.0,6
fde71f25e699ca0a2a83a6c3a249b816,livros_importados,3.94409302640958,183.0,7
"372a9ccafbec639bad6b93dac67e6b85",livros_importados,3.5561494500414246,165.0,8
bf7e253a79f85c001ccefc2827a0fc25,livros_importados,2.9095768227611654,135.0,9
f35927953ed82e19d06ad3aac2f06353,livros_interesse_geral,14.202802070205298,6654.9899978637695,1
"1cc61b32763a4d816212b3507b6b6c59",livros_interesse_geral,12.32241712064345,5773.9002685546875,2
"310b40ec41fbfc061e5309006482e68a",livros_interesse_geral,10.000879629163395,4686.1002197265625,3
b9ca577f48894c59a9677f895f9a44bc,livros_interesse_geral,5.003107186796809,2344.2999572753906,4
"916bcfd7e756e0b65372da1378d1c125",livros_interesse_geral,2.248975914250435,1053.7999572753906,5
"9fb9a39f2e393018aaeb432394aff48f",livros_interesse_geral,2.225927095905361,1043.0,6
d0b9d3d449a97f582b325f11b512bfd2,livros_interesse_geral,2.081636668934811,975.390007019043,7
b0c7a71c8620bd389e240f63a507dc50,livros_interesse_geral,1.9205290967873034,899.9000244140625,8
"45448d98662daee2e5ee969475a90826",livros_interesse_geral,1.7060460584380255,799.3999633789062,9
"173e9fe34bfe97f3a5e6dc57fe897b74",livros_tecnicos,13.020853389076203,2486.4699897766113,1
edd087ed331c3ce178ec3489b9ecf117,livros_tecnicos,12.094537119387704,2309.580078125,2
d8f1b415091ab79b62ac80443d865ca6,livros_tecnicos,5.35712599459995,1023.0,3
"44feb28a74abb0f2f303412d60160750",livros_tecnicos,4.157925747519414,794.0,4
cdd914e78124a73cc28a165cfc4a0bbc,livros_tecnicos,2.9531745500785545,563.9399871826172,5
f0a720fc3ab33276bc8bb46595996083,livros_tecnicos,1.722868477246709,329.0,6
"5563f6b699b362e1bd6a2e1e650f52bd",livros_tecnicos,1.712237978614055,326.9699935913086,7
ca17b18b38db6e0d2c33d362322f2a06,livros_tecnicos,1.398194174543682,267.0,8
"761a7d7da15ca2d6f0aaf29e22bd1479",livros_tecnicos,1.395575833392851,266.5,9
af51d485dc5255ba2e18b21b550156e6,malas_acessorios,10.313545434075152,14483.309768676758,1
"657247f6f60543b93e3cc708a8e6329c",malas_acessorios,5.866040945872377,8237.680114746094,2
f71973c922ccaab05514a36a8bc741b8,malas_acessorios,4.762223892474381,6687.590049743652,3
c92f0e7b9d49a9543558d6532772441b,malas_acessorios,3.62073668321654,5084.599792480469,4
"3e4176d545618ed02f382a3057de32b4",malas_acessorios,2.2624158295259886,3177.110092163086,5
c7b3cf9de7be95b3e09e7a63315685eb,malas_acessorios,2.230079399742922,3131.700050354004,6
"6109d0cae3bcb57d579bc0fab6e61814",malas_acessorios,2.1691379736480294,3046.120018005371,7
c389f712c4b4510bc997cee93e8b1a28,malas_acessorios,1.8308056469491514,2571.0,8
"30ccf4724f5227265f837e9ba0246278",malas_acessorios,1.8101548076299094,2542.000030517578,9
"74ab21b84ab4ccc188721da75b439526",market_place,6.920739551059186,1964.0,1
e9b3cf27d68caa64832c4a7c460abcb9,market_place,6.768863829627672,1920.8999938964844,2
"8d1cfc0463b545928bfb4e589e017bd4",market_place,5.31247804674927,1507.5999908447266,3
ff922797a6771cab4e0c51d482285ec3,market_place,5.107745299417556,1449.4999694824219,4
f1d3e7a4605f6cd5f2a3cf9bde5c7845,market_place,4.543232794040079,1289.2999572753906,5
c5d8b84a90f73bd09c30e71e76caaa11,market_place,4.012196639856892,1138.6000213623047,6
"20518c6950587eb5e8f02dad2fa0d685",market_place,3.5325372001931408,1002.4800109863281,7
f5d8fde6bbeab928266d4cc80eecd701,market_place,3.2581036761435618,924.5999755859375,8
"272e51f7fc982529466144f8b68ec58e",market_place,3.169656321269617,899.4999694824219,9
"726b4e18f00255e2e63491bcba3f60b8",moveis_colchao_e_estofado,42.58163786702876,1860.0,1
f4b3b257580c1430e51d71dd731273c2,moveis_colchao_e_estofado,10.018131715327677,437.6000061035156,2
"107fde0930956120d1e13dd1062fbb46",moveis_colchao_e_estofado,9.157112319675552,399.989990234375,3
af87aa3f5f2c05c8c4db6bee2088672b,moveis_colchao_e_estofado,9.157112319675552,399.989990234375,3
ed5783fe4b2194c66043e77b648ff4cb,moveis_colchao_e_estofado,5.940825283061271,259.5,5
eaa3fffe22b0b5efe02db64ab9d3bf84,moveis_colchao_e_estofado,5.700445069295785,249.0,6
c3d08bab8c7c6d9cc1f6cfb5a465c80b,moveis_colchao_e_estofado,5.700445069295785,249.0,6
dc36a7859b743d8610a2bbbaea26ece9,moveis_colchao_e_estofado,5.700445069295785,249.0,6
"5f5d009b0eed255c950e16ccad915ff7",moveis_colchao_e_estofado,3.06999878248935,134.10000228881836,9
"79c0ace2ccf0da036e787875a49151a4",moveis_cozinha_area_de_servico_jantar_e_jardim,14.056181982368106,6512.0,1
"9fef57f37ae72292952e73ff9a7a3fee",moveis_cozinha_area_de_servico_jantar_e_jardim,6.797778457697634,3149.2999572753906,2
"9bc0b0cf5d074be7d532d216a92ec874",moveis_cozinha_area_de_servico_jantar_e_jardim,3.652189790259035,1692.0,3
c075b8e131353552218860f1c421e4ef,moveis_cozinha_area_de_servico_jantar_e_jardim,3.4410881321922786,1594.2000427246094,4
a75b732b129c2fe3d8e371dd8333cd00,moveis_cozinha_area_de_servico_jantar_e_jardim,3.335968799875503,1545.4999694824219,5
bf5d132b4d30a18970b8ee7798725af1,moveis_cozinha_area_de_servico_jantar_e_jardim,3.32409709042489,1540.0,6
"5c97588998ff51dd072c59f19bed6c78",moveis_cozinha_area_de_servico_jantar_e_jardim,2.8492260775070486,1320.0,7
"57cc92900f861f0c72fa1df2cfe85577",moveis_cozinha_area_de_servico_jantar_e_jardim,2.564303469756344,1188.0,8
"18f6ea7e8cff29f8053baac6762449f9",moveis_cozinha_area_de_servico_jantar_e_jardim,2.53602712860764,1174.900032043457,9
aca2eb7d00ea1a7b8ebd4e68314663af,moveis_decoracao,5.153580928611271,37608.90062713623,1
"7814c273ab16783d73a9863ebfa8b141",moveis_decoracao,2.024220229998321,14772.0,2
"78efe838c04bbc568be034082200ac20",moveis_decoracao,1.3218273391833684,9646.200134277344,3
"5d6bea33648f018dbb563f3a2fab09f3",moveis_decoracao,0.9057467426496297,6609.800003051758,4
b532349fe46b38fbc7bb3914c1bdae07,moveis_decoracao,0.844399403802667,6162.110134124756,5
cf78006a2a6b0429b9663edd99bb38f9,moveis_decoracao,0.8221578757506371,5999.7998046875,6
"817e1c2d22418c36386406ccacfa53e8",moveis_decoracao,0.7177677744876255,5238.0,7
"764292b2b0f73f77a0272be03fdd45f3",moveis_decoracao,0.7131498455887498,5204.300086975098,8
"698b3ddae2f0b80c2a48fb40624ca4e4",moveis_decoracao,0.7102995870851609,5183.499969482422,9
"8ed094bfe076c568f6bb10feada3f75d",moveis_escritorio,4.725893090101003,12947.08984375,1
"2a5806f10d0f00e5ad032dd2e3c8806e",moveis_escritorio,3.4389787526678477,9421.450302124023,2
b114bf337c0626166abe574eee9e3f32,moveis_escritorio,3.047152410082928,8348.000106811523,3
a9516a079e37a9c9c36b9b78b10169e8,moveis_escritorio,2.570591272839911,7042.409873962402,4
aba86c093ccdbac75b09111d57e50004,moveis_escritorio,2.4891161228050063,6819.199981689453,5
d6fe3b4ddecd4a8393c6a1385de3bfb6,moveis_escritorio,2.248559751108335,6160.170059204102,6
"145028037adecb27b1a58cf9597676cc",moveis_escritorio,2.038978575100243,5586.0,7
"6dde44b4172999f35f08654d06bad633",moveis_escritorio,1.8614166573171618,5099.55012512207,8
b2855c4e42b8a50f359904c6763eeddc,moveis_escritorio,1.8025942707046256,4938.39990234375,9
"0296dd002a346e3bbdda4e0bc48a5073",moveis_quarto,20.170974022513228,4040.0,1
"0e2d52789a024cfd6f9204778320a8e5",moveis_quarto,8.777369389004518,1758.0,2
d373a9b9079c251371e94cacf40c1fe7,moveis_quarto,7.164690030273881,1435.0,3
"0b814a3c8fa6dbb849df7c28c1bd6831",moveis_quarto,6.989941492950128,1400.0,4
aff39c649de8c4e36d325880de8f4338,moveis_quarto,6.3159114204156515,1265.0,5
"428f4b96ba9f630e761b333673039ae6",moveis_quarto,5.280401394493705,1057.5999755859375,6
"4f18ca9862f511ecba98258b2194d061",moveis_quarto,4.992815352107234,1000.0,7
"1b0fb6d6a05121d4b76a49f44c2c427b",moveis_quarto,2.980710765208019,597.0,8
c388dd6e3dccf434053adacfc3b5108d,moveis_quarto,2.5862783523915476,518.0,9
c94d19d021d4a8fbae5a45f904aeea90,moveis_sala,4.545192073286399,3132.3900146484375,1
"2ff995aead9c63a1f37a07b3664ead37",moveis_sala,4.519465183662784,3114.659927368164,2
"1b8ee158f59c098470fad33f39660964",moveis_sala,4.257176909286299,2933.899871826172,3
"76914818a87f9b6b320e136e17e6ae06",moveis_sala,4.236093532838547,2919.3699340820312,4
"597d26435e8ef77bb0fcd26f6c07d486",moveis_sala,3.8224339026004897,2634.2899475097656,5
"58efb9b638561ce132216a9a612513e2",moveis_sala,3.690607901287701,2543.4400024414062,6
b6106bf3d09b8fdd33c3a9559da43145,moveis_sala,2.6698953118025472,1840.0,7
"21d2fdced5c69bfc6539b67908a4ad28",moveis_sala,2.5710802443720993,1771.9000549316406,8
"196616257eff8bc851dc4fc041cbbbe9",moveis_sala,2.3602890348228125,1626.6300048828125,9
"4befae07dba4384f6d8237ad1e7f8294",musica,21.808479893745577,1316.0,1
"24dbd57bf68a29e64c462b88087b93ed",musica,19.322213269597434,1165.969970703125,2
"23713b3af0ec6a3c9601da5c58b2ea95",musica,12.652564132883548,763.5,3
"2848023ffcfb063bb7aa0d0c447bd116",musica,10.937383533337448,660.0,4
def080e33b38a4c756347d4665b40a7f,musica,9.909932352933021,598.0,5
"5fb3ff04cc8ff9f140b028d867a6b0f4",musica,7.291589022224965,440.0,6
ede21d9928e12f59d3dcd5586c77cf09,musica,2.48576898484942,150.0,7
b6ae00a2c239c532a6e622262e49bb55,musica,2.484111704379988,149.89999389648438,8
"2b250e4c796f4ce9da7ee0465bd1b574",musica,1.706231816028712,102.95999908447266,9
"5411e9269501a870cabf632f05655131",papelaria,3.9633116783876736,9153.0,1
fb55982be901439613a95940feefd9ee,papelaria,2.9383844695224246,6786.0,2
"06f0e85c7892d5df893f332706340af1",papelaria,2.216995061001299,5120.0,3
"177d3d5bb9d4d29222a222e3b3554f41",papelaria,2.0718511669228024,4784.800003051758,4
"0bff7ada15fd3840490f79b2612db33b",papelaria,1.6481973290918908,3806.400146484375,5
"1a0971a6f39f04118207a7308d451e9d",papelaria,1.5328442413954293,3540.0,6
e84997d75938765ef99930f908ceedf4,papelaria,1.3171202311170866,3041.800003051758,7
"90f39a309a8c05fa7aa4ef02178059cb",papelaria,1.129758142944397,2609.0999450683594,8
"28a652ff04e43c1bc57937a9f8770f9b",papelaria,1.1119615852834641,2568.0,9
"6727051471a0fc4a0e7737b57bff2549",pc_gamer,42.49813954704469,657.0,1
"0105b5323d24fc655f73052694dbbb3a",pc_gamer,42.04211105912931,649.9500274658203,2
dbe520fb381ad695a7e1f2807d20c765,pc_gamer,15.459749393825998,239.0,3
d6160fb7873f184099d9bc95e30376af,pcs,21.931581240145572,48899.33996582031,1
"588531f8ec37e7d5ff5b7b22ea0488f8",pcs,12.689089000995098,28291.989990234375,2
a5215a7a9f46c4185b12f38e9ddf2abc,pcs,9.750446199710403,21739.900024414062,3
bc4cd4da98dd128c39bf0b8c2674032f,pcs,9.642666076310745,21499.590087890625,4
a04087ab6a96ffa041f8a2701a72b616,pcs,7.079645862657409,15785.0,5
"34f99d82cfc355d08d8db780d14aa002",pcs,4.2159302193343215,9399.969970703125,6
"1f411e9a31196b71ed8438c8254b858e",pcs,3.5341807078222387,7879.919921875,7
"69c590f7ffc7bf8db97190b6cb6ed62e",pcs,3.017987773824625,6729.0,8
caaa713799b547352795c831a14f1c3c,pcs,2.668571227345013,5949.929931640625,9
"595fac2a385ac33a80bd5114aec74eb8",perfumaria,3.166152011468118,12636.90005493164,1
e4d325bd1eea550509bdbbc5c3301fc1,perfumaria,3.0281901250770518,12086.259857177734,2
"617186c3d97ea56c9c683a8a3974e8c1",perfumaria,1.985356067933606,7924.0497970581055,3
"2028bf1b01cafb2d2b1901fca4083222",perfumaria,1.9231124983180978,7675.620231628418,4
fbc1488c1a1e72ba175f53ab29a248e8,perfumaria,1.72188971418554,6872.490058898926,5
fe01b643060a6446e59f58e3021e66b3,perfumaria,1.6181903015639059,6458.599914550781,6
"23ed7a10a36c6f88a757a9c83df9ea20",perfumaria,1.5906300043590882,6348.599914550781,7
eba7488e1c67729f045ab43fac426f2e,perfumaria,1.4906863310051417,5949.699859619141,8
"75d6b6963340c6063f7f4cfcccfe6a30",perfumaria,1.3249162285633758,5288.070156097412,9
a4aa7c1427c31344e5f7cc3d839fe562,pet_shop,1.9965899788600578,4279.0,1
ca5c923962558430573f83661dbe36d6,pet_shop,1.8682744275194372,4004.0,2
"9e261f5543c32312afa68843fabcc119",pet_shop,1.5350739472298613,3289.9000244140625,3
"15d8ac236009f0d5e74a5033a53ba460",pet_shop,1.4464195093453618,3099.89990234375,4
ca3fd09ef832923ccad790506d6e0385,pet_shop,1.3995260363345523,2999.3999633789062,5
ba80c9f47a84d1e08465f72e22930c83,pet_shop,1.3134099714539902,2814.8399658203125,6
"46292acbc08d49b95138891146f7287b",pet_shop,1.2836034544635908,2750.960006713867,7
"7ac0d3f8ac5b60c13d74b02b8cbb4623",pet_shop,1.2400881504921804,2657.7000045776367,8
e94df75b2e9a8b056be0c144a731f55c,pet_shop,1.1964142142275322,2564.100028991699,9
f49e985b4cb2d0543890d6dd00077663,portateis_casa_forno_e_cafe,30.75093612331676,14590.0,1
"0433830caca22b01a0f477d31307b043",portateis_casa_forno_e_cafe,27.806518181968336,13193.0,2
ff92ca9bb0b3f4ec00a9b76c9f68cb3a,portateis_casa_forno_e_cafe,12.925510203761032,6132.60009765625,3
"938e036a795cdacb18ed3c5a598f6cf0",portateis_casa_forno_e_cafe,6.318800993673999,2998.0,4
"27274145782d0048827cb28b7786323b",portateis_casa_forno_e_cafe,6.1101414545233235,2899.0,5
e5c50ee10712a01bfed9854a00502f8e,portateis_casa_forno_e_cafe,4.915091366660362,2332.0,6
"224037b21bfa8621e39c265513ee6594",portateis_casa_forno_e_cafe,2.4406843064291164,1158.0,7
"81e02af7d00fcf604270221efe1d1b95",portateis_casa_forno_e_cafe,1.3509967268939478,640.989990234375,8
"7b2a6e3216a405943fc9e3acbff18cae",portateis_casa_forno_e_cafe,0.8430688450532353,400.0,9
c7a3f1a7f9eef146cc499368b578b884,portateis_cozinha_e_preparadores_de_alimentos,77.03104178145487,3057.0,1
ae62bb0f95af63d64eae5f93dddea8d3,portateis_cozinha_e_preparadores_de_alimentos,13.047652107987242,517.7999877929688,2
"1954739d84629e7323a4295812a3e0ec",portateis_cozinha_e_preparadores_de_alimentos,2.592899678394422,102.9000015258789,3
a4756663d007b0cd1af865754d08d968,portateis_cozinha_e_preparadores_de_alimentos,2.1141329810284937,83.9000015258789,4
"7afdd65f79f63819ff5bee328843fa37",portateis_cozinha_e_preparadores_de_alimentos,1.626798875759491,64.56000137329102,5
"6fd83eb3e0799b775e4f946bd66657c0",portateis_cozinha_e_preparadores_de_alimentos,0.883450582480813,35.060001373291016,6
bed164d9d628cf0593003389c535c6e0,portateis_cozinha_e_preparadores_de_alimentos,0.8794188667689946,34.900001525878906,7
cb9d764f38ee4d0c00af64d5c388f837,portateis_cozinha_e_preparadores_de_alimentos,0.8794188667689946,34.900001525878906,7
"1220978a08a6b29a202bc015b18250e9",portateis_cozinha_e_preparadores_de_alimentos,0.506232790691342,20.09000015258789,9
"53b36df67ebb7c41585e8d54d6772e08",relogios_presentes,3.1272400390423436,37683.42002105713,1
e0d64dcfaa3b6db5c54ca298ae101d05,relogios_presentes,2.637897921116235,31786.819717407227,2
d285360f29ac7fd97640bf0baef03de0,relogios_presentes,2.624370183214025,31623.8097076416,3
"7a10781637204d8d10485c71a6108a2e",relogios_presentes,2.528411290578621,30467.499603271484,4
f819f0c84a64f02d3a5606ca95edd272,relogios_presentes,2.408659196614658,29024.480072021484,5
a62e25e09e05e6faf31d90c6ec1aa3d1,relogios_presentes,1.9959242058438158,24051.0,6
"461f43be3bdf8844e65b62d9ac2c7a5a",relogios_presentes,1.7089728539020743,20593.219917297363,7
"6f3b5b605d91b7439c5e3f5a8dffeea7",relogios_presentes,1.5775361174175655,19009.399780273438,8
"1a080577618e7fe4d9ddd8fb2b47a964",relogios_presentes,1.5155911960580262,18262.9599609375,9
"6c7a0a349ad11817745e3ad58abd5c79",seguros_e_servicos,64.70048276678926,183.2899932861328,1
"8db75af9aed3315374db44d7860e25da",seguros_e_servicos,35.29951723321074,100.0,2
cec51758e9839eb5414b214934430da6,sinalizacao_e_seguranca,9.854374558584235,2119.60009765625,1
"8905f9f6b310467a4fdd08ea4c4903aa",sinalizacao_e_seguranca,6.22988361016975,1340.0,2
"150c699262a053229e89213dc9c358d2",sinalizacao_e_seguranca,6.206637775803445,1335.0,3
fd40f3ef9c7fb9c550619a88af47a5de,sinalizacao_e_seguranca,6.025320267746266,1296.0,4
bc3c6d2a621414f2e1df7a8a32a2828e,sinalizacao_e_seguranca,4.881625216924058,1050.0,5
"0c8b6b6e4f9ee5fe2c48d6cee4c69bc8",sinalizacao_e_seguranca,4.435305197091001,954.0,6
"7d00a7c029fe3cf2bddc1e8e0484c2c1",sinalizacao_e_seguranca,3.7184036084816285,799.7999877929688,7
"49e038a7b8ba2e18d9a7a26c1f238544",sinalizacao_e_seguranca,3.7100351648622842,798.0,8
ef752dd2f6410ce702377d573caf5e65,sinalizacao_e_seguranca,3.4403834862131455,740.0,9
"6bbe55cf8f85c87b6eebb775a53402f4",tablets_impressao_imagem,33.520491216377124,2523.560028076172,1
"2eb9b2ef7c1da3c7b99702452ea4729f",tablets_impressao_imagem,22.23444248362783,1673.900001525879,2
"34dabb8af33b3756cf72df05fb327011",tablets_impressao_imagem,20.504993686880546,1543.7000045776367,3
b29c1749f99da888ea322a01420d5220,tablets_impressao_imagem,11.82175233337245,889.989990234375,4
"301b4cdcb73666033d7c96fcb1fc758d",tablets_impressao_imagem,5.790997220361542,435.9700164794922,5
"3c46d3f68a377931cdadfd72c6158643",tablets_impressao_imagem,4.181493849883339,314.8000030517578,6
"96dbad46bf454d233b0d2adf108294a1",tablets_impressao_imagem,0.9537206743075151,71.80000305175781,7
ab0a97f604550b5b5b99180a6dc04461,tablets_impressao_imagem,0.5937508528985436,44.69999885559082,8
fa9d34c32a70b4e50a4c2c8c2c42051f,tablets_impressao_imagem,0.3983576822911124,29.989999771118164,9
e7cc48a9daff5436f63d3aad9426f28b,telefonia,5.010079333699382,16216.0,1
"431d674f9a4fbd0957ecf6ba3fcb6899",telefonia,4.5782874100278805,14818.429748535156,2
afeeea6271148ee1bb15173b8187c431,telefonia,3.3534781582599527,10854.119903564453,3
"8b52d90d2e8716dad633486c6cc94ecf",telefonia,2.138923237987224,6923.0,4
"223d34a3d9334039f5ff9511dc044bbb",telefonia,2.0986040492458744,6792.4998779296875,5
bdb0b11a36aed4d0d862a7037c838560,telefonia,1.6977297692820734,5495.0,6
a56af7192032f295ac582a2d70e4caba,telefonia,1.3059697424486487,4227.0,7
"16d928f7b23b3d30bd5a9ff281eed9b8",telefonia,1.2979368081444933,4201.0,8
"6767719f80aabbbf16ab2491899c32d9",telefonia,1.297612386096321,4199.949951171875,9
"5769ef0a239114ac3a854af00df129e4",telefonia_fixa,22.55676956045593,13440.0,1
"19936fa4f614ee0590d3b77ac83fd648",telefonia_fixa,17.55534297636674,10460.0,2
"6d426dd1336e5a7d34470ae65bc68abf",telefonia_fixa,6.9482906235333,4140.0,3
"46e5995ddd4728e50343ef6bdb45b75f",telefonia_fixa,4.183240188202114,2492.5,4
bde643c31f72e37dd1aac0c43e130ddc,telefonia_fixa,2.7289327179574574,1625.97998046875,5
"665adf6cc6e09e6a770ba182ea6a50f1",telefonia_fixa,2.5779165211949633,1536.0,6
c8e327c0df61bc66cdcf76a588c80154,telefonia_fixa,2.3496466961801894,1399.989990234375,7
f07ef9dd6e2d9a366ff30a25e210be70,telefonia_fixa,2.3041808161183264,1372.9000549316406,8
edb124ed00c0f8105a1504abd169aabd,telefonia_fixa,2.173438733689764,1295.0,9
"4aa6014eceb682077f9dc4bffebc05b0",utilidades_domesticas,2.164608731310372,13685.709716796875,1
"42a2c92a0979a949ca4ea89ec5c7b934",utilidades_domesticas,1.7192761243914902,10870.100273132324,2
d696750e550fd0f733979dd7e5dff921,utilidades_domesticas,1.5591745646740804,9857.860305786133,3
e9a69340883a438c3f91739d14d3a56d,utilidades_domesticas,1.5288936876549792,9666.409866333008,4
"928e52a9ad53a294fdcc91bcf59d1751",utilidades_domesticas,1.2890497844278785,8150.0,5
"7c55ea4aea1acf1ce11440010f5aa298",utilidades_domesticas,1.2854119752202906,8127.0,6
f8b624d4e475bb8d1bddf1b65c6a64f6,utilidades_domesticas,1.1890891140280724,7518.0,7
a3cd9517ebf5a50dca25acce54f3b171,utilidades_domesticas,1.1094116395149014,7014.240234375,8
"8f211599d0cde9d8551a6984d758e1f4",utilidades_domesticas,1.0735491302827271,6787.5,9
